{
  "INTERFACE_LIST": [
    {
      "IF_NM": "비정규직(미소지기)시급 정보",
      "IF_ID": "IF_ARVIEW_EAI_01_SELECT"
    },
    {
      "IF_NM": "비정규직 시급 정보(엠디원)",
      "IF_ID": "IF_ARVIEW_EAI_02_SELECT"
    },
    {
      "IF_NM": "해외출장1",
      "IF_ID": "IF_BTMS001VV_EAI_01_SELECT"
    },
    {
      "IF_NM": "해외출장2",
      "IF_ID": "IF_BTMS002VV_EAI_01_SELECT"
    },
    {
      "IF_NM": "해외출장3",
      "IF_ID": "IF_BTMS003VV_EAI_01_SELECT"
    },
    {
      "IF_NM": "해외출장4",
      "IF_ID": "IF_BTMS004VV_EAI_01_SELECT"
    },
    {
      "IF_NM": "공통환율 입력",
      "IF_ID": "IF_BTMS007VV_EAI_01_INSERT"
    },
    {
      "IF_NM": "공통환율 조회",
      "IF_ID": "IF_BTMS007VV_EAI_01_SELECT"
    },
    {
      "IF_NM": "CJ카드 인터페이스",
      "IF_ID": "IF_CJHR_ZBC_C9000_T_01_INSERT"
    },
    {
      "IF_NM": "글로벌 CJ월드 조직정보",
      "IF_ID": "IF_CJSEAI_GLOBAL_DEPT_SELECT"
    },
    {
      "IF_NM": "글로벌 CJ월드 퇴직자마스터",
      "IF_ID": "IF_CJSEAI_GLOBAL_INSA_D_SELECT"
    },
    {
      "IF_NM": "글로벌 CJ월드 퇴직자 확장정보",
      "IF_ID": "IF_CJSEAI_GLOBAL_INSA_EXTEND_D_SELECT"
    },
    {
      "IF_NM": "글로벌 CJ월드 인사확장정보",
      "IF_ID": "IF_CJSEAI_GLOBAL_INSA_EXTEND_SELECT"
    },
    {
      "IF_NM": "글로벌 CJ월드 인사마스터",
      "IF_ID": "IF_CJSEAI_GLOBAL_INSA_SELECT"
    },
    {
      "IF_NM": "DL 사용 리스트",
      "IF_ID": "IF_CJW_GW_DL_SELECT"
    },
    {
      "IF_NM": "겸직정보",
      "IF_ID": "IF_CJW_PLURAL_OFFICE_SELECT"
    },
    {
      "IF_NM": "휴직자",
      "IF_ID": "IF_CJW_VACANT_SELECT"
    },
    {
      "IF_NM": "개인별 CSR 현황(공제관련)",
      "IF_ID": "IF_CSRLIVE_VIEW_EAI_01_SELECT"
    },
    {
      "IF_NM": "급여분개 위한 공제코드",
      "IF_ID": "IF_CSUB001VV_EAI_01_SELECT"
    },
    {
      "IF_NM": "IF_CSUD001VV_EAI_01_SELECT",
      "IF_ID": "IF_CSUD001VV_EAI_01_SELECT"
    },
    {
      "IF_NM": "사업자등록번호관리",
      "IF_ID": "IF_CTAX001VV_EAI_01_SELECT"
    },
    {
      "IF_NM": "일일근태 입력",
      "IF_ID": "IF_DDIL001VV_EAI_01_INSERT"
    },
    {
      "IF_NM": "일일근태",
      "IF_ID": "IF_DDIL001VV_EAI_01_SELECT"
    },
    {
      "IF_NM": "일일근태",
      "IF_ID": "IF_DLAR012VV_EAI_01_SELECT"
    },
    {
      "IF_NM": "헬스케어 포탈정보(수신)",
      "IF_ID": "IF_EXTPORTAL01T_INSERT"
    },
    {
      "IF_NM": "HR결재건수(SmartCJ)",
      "IF_ID": "IF_F_GET_APPR_TOT_CNT_SELECT"
    },
    {
      "IF_NM": "CJ MALL 임직원 여부 조회",
      "IF_ID": "IF_F_GET_COMPANY_EMPNO_CJMALL_02_SELECT"
    },
    {
      "IF_NM": "당해년도 콘도 사용박수 조회",
      "IF_ID": "IF_F_GET_CON_BAKSU_02_SELECT"
    },
    {
      "IF_NM": "당해년도 콘도사용 포인트 조회",
      "IF_ID": "IF_F_GET_CON_POINT_03_SELECT"
    },
    {
      "IF_NM": "HR 임직원 현재정보 확인",
      "IF_ID": "IF_F_GET_EMP_INFO_SELECT"
    },
    {
      "IF_NM": "임직원여부조회",
      "IF_ID": "IF_F_GET_JOBGBN_02_SELECT"
    },
    {
      "IF_NM": "콘도 잔여포인트 조회",
      "IF_ID": "IF_F_GET_MYCAFE_CONDO_REMPOINT_SELECT"
    },
    {
      "IF_NM": "HR 임직원 카페테리아 잔여 포인트 확인",
      "IF_ID": "IF_F_GET_MYCAFE_REMPOINT_SELECT"
    },
    {
      "IF_NM": "근속일수조회",
      "IF_ID": "IF_F_GET_WRK_DT_02_SELECT"
    },
    {
      "IF_NM": "개인별 계좌정보",
      "IF_ID": "IF_GBAN001VV_EAI_01_SELECT"
    },
    {
      "IF_NM": "급/상여예외자 마스터",
      "IF_ID": "IF_GEXP001VV_EAI_01_SELECT"
    },
    {
      "IF_NM": "급/상여예외자 상세",
      "IF_ID": "IF_GEXP002VV_EAI_01_SELECT"
    },
    {
      "IF_NM": "글로벌 HR 인사마스터",
      "IF_ID": "IF_GHR_PMAS001VV_EAI_01_SELECT"
    },
    {
      "IF_NM": "대한통운 인사마스터",
      "IF_ID": "IF_GHR_PMAS001VV_KX_EAI_01_SELECT"
    },
    {
      "IF_NM": "글로벌 HR 인사조직정보",
      "IF_ID": "IF_GHR_PORG004VV_EAI_01_SELECT"
    },
    {
      "IF_NM": "인별급여기준정보",
      "IF_ID": "IF_GLIS001VV_EAI_01_SELECT"
    },
    {
      "IF_NM": "급상여실적",
      "IF_ID": "IF_GLIS002VV_EAI_01_SELECT"
    },
    {
      "IF_NM": "개인/항목별 급여상세현황",
      "IF_ID": "IF_GLIS003VV_EAI_01_SELECT"
    },
    {
      "IF_NM": "급상여수당실적(푸드빌전용)",
      "IF_ID": "IF_GLIS003VV_EAI_02_SELECT"
    },
    {
      "IF_NM": "급상여공제실적",
      "IF_ID": "IF_GLIS004VV_EAI_01_SELECT"
    },
    {
      "IF_NM": "급여인적마스터",
      "IF_ID": "IF_GMAS001VV_EAI_01_SELECT"
    },
    {
      "IF_NM": "퇴직정산2",
      "IF_ID": "IF_GRET002VV_EAI_01_SELECT"
    },
    {
      "IF_NM": "퇴직정산3",
      "IF_ID": "IF_GRET003VV_EAI_01_SELECT"
    },
    {
      "IF_NM": "퇴직정산3",
      "IF_ID": "IF_GRET003VV_EAI_02_SELECT"
    },
    {
      "IF_NM": "퇴직정산4",
      "IF_ID": "IF_GRET004VV_EAI_01_SELECT"
    },
    {
      "IF_NM": "영업활동비",
      "IF_ID": "IF_GSAL004VV_EAI_01_SELECT"
    },
    {
      "IF_NM": "경조사비현황",
      "IF_ID": "IF_HBEN002VV_EAI_01_SELECT"
    },
    {
      "IF_NM": "엠넷포인트 대상자제공 및 임직원여부",
      "IF_ID": "IF_HCAF004VV_EAI_01_SELECT"
    },
    {
      "IF_NM": "카페테리아 사용현황",
      "IF_ID": "IF_HCAF006VV_EAI_01_SELECT"
    },
    {
      "IF_NM": "티켓예매 사용실적",
      "IF_ID": "IF_HCAF014VV_EAI_01_SELECT"
    },
    {
      "IF_NM": "티빙포인트 사용실적 조회",
      "IF_ID": "IF_HCAF103VV_EAI_01_SELECT"
    },
    {
      "IF_NM": "CGV복지포인트조회",
      "IF_ID": "IF_HCAF109VV_EAI_01_SELECT"
    },
    {
      "IF_NM": "콘도신청현황",
      "IF_ID": "IF_HCON004VV_EAI_01_SELECT"
    },
    {
      "IF_NM": "가족상봉비현황",
      "IF_ID": "IF_HMET001VV_EAI_01_SELECT"
    },
    {
      "IF_NM": "퇴근교통비 정보",
      "IF_ID": "IF_HOVER003VV_EAI_01_SELECT"
    },
    {
      "IF_NM": "HR SSO",
      "IF_ID": "IF_HRSSO_EAI_01_SELECT"
    },
    {
      "IF_NM": "푸드빌 스페셜사원 연동",
      "IF_ID": "IF_HR_PMAS001VV_CJW_EAI_01_B40_INSERT"
    },
    {
      "IF_NM": "업무 교통비",
      "IF_ID": "IF_HSTBEN001VV_EAI_01_SELECT"
    },
    {
      "IF_NM": "우리사주",
      "IF_ID": "IF_HSTC007VV_EAI_01_SELECT"
    },
    {
      "IF_NM": "직무-직군-전문기능",
      "IF_ID": "IF_JOBCODE_EAI_01_SELECT"
    },
    {
      "IF_NM": "급여조견표",
      "IF_ID": "IF_KPAY001VV_EAI_01_SELECT"
    },
    {
      "IF_NM": "인사데이터(지방세, 원천세 정보)",
      "IF_ID": "IF_KTAX001VV_EAI_01_SELECT"
    },
    {
      "IF_NM": "기타 일용직 원천세 정보 연계",
      "IF_ID": "IF_KTAX002VV_EAI_01_SELECT"
    },
    {
      "IF_NM": "제당 비용코드/교육코드 입력/삭제",
      "IF_ID": "IF_LINF001TT_INSERT"
    },
    {
      "IF_NM": "제당 비용코드/교육코드 조회",
      "IF_ID": "IF_LLAB001VV_EAI_SELECT"
    },
    {
      "IF_NM": "푸드빌 스텝 교육자 연동",
      "IF_ID": "IF_LMS_USERCERTI_INSERT"
    },
    {
      "IF_NM": "푸드빌 교육 실적 연동",
      "IF_ID": "IF_LMS_USERSTUDY_INSERT"
    },
    {
      "IF_NM": "푸드빌 스텝 점포 마스터 연동",
      "IF_ID": "IF_LMS_USER_STORE_INFO_INSERT"
    },
    {
      "IF_NM": "퇴직자 퇴직금조회 대출금조회(제당)",
      "IF_ID": "IF_LOANVV_EAI_01_SELECT"
    },
    {
      "IF_NM": "모바일케익정보",
      "IF_ID": "IF_MCAKE_EAI_01_SELECT"
    },
    {
      "IF_NM": "주소정보",
      "IF_ID": "IF_PADR001VV_EAI_01_SELECT"
    },
    {
      "IF_NM": "포상징계",
      "IF_ID": "IF_PAWA001VV_EAI_01_SELECT"
    },
    {
      "IF_NM": "IF_PCAR001VV_EAI_01_SELECT",
      "IF_ID": "IF_PCAR001VV_EAI_01_SELECT"
    },
    {
      "IF_NM": "글로벌 HR 기초코드",
      "IF_ID": "IF_PCOD002VV_EAI_01_SELECT"
    },
    {
      "IF_NM": "HR 계약정보 조회(중국)",
      "IF_ID": "IF_PCONT001VV_CHN_EAI_01_SELECT"
    },
    {
      "IF_NM": "HR 코스트센터 정보",
      "IF_ID": "IF_PCOS001VV_EAI_01_SELECT"
    },
    {
      "IF_NM": "HR 일자명세",
      "IF_ID": "IF_PDAT001VV_EAI_01_SELECT"
    },
    {
      "IF_NM": "일자명세(비정규직)",
      "IF_ID": "IF_PDAT002VV_EAI_01_SELECT"
    },
    {
      "IF_NM": "가족정보",
      "IF_ID": "IF_PFAM001VV_EAI_02_SELECT"
    },
    {
      "IF_NM": "그룹표준직급",
      "IF_ID": "IF_PJIK001VV_EAI_01_SELECT"
    },
    {
      "IF_NM": "어학이력정보",
      "IF_ID": "IF_PLAN001VV_EAI_01_SELECT"
    },
    {
      "IF_NM": "자격사항",
      "IF_ID": "IF_PLIC001VV_EAI_01_SELECT"
    },
    {
      "IF_NM": "소재지 관리코드 정보 I/F",
      "IF_ID": "IF_PLOC001VV_EAI_01_SELECT"
    },
    {
      "IF_NM": "GHR인사마스터",
      "IF_ID": "IF_PMAS001TT_HR_EAI_01_SELECT"
    },
    {
      "IF_NM": "HR 인사마스터 BU 정보",
      "IF_ID": "IF_PMAS001VV_BU_EAI_01_SELECT"
    },
    {
      "IF_NM": "대통 뉴패밀리 전화번호 정보 연동",
      "IF_ID": "IF_PMAS001VV_CJW_EAI_02_SELECT"
    },
    {
      "IF_NM": "HR 학력정보 연동",
      "IF_ID": "IF_PMAS001VV_EAI_02_SELECT"
    },
    {
      "IF_NM": "임직원 생일정보",
      "IF_ID": "IF_PMAS001VV_EAI_03_SELECT"
    },
    {
      "IF_NM": "HR 겸직정보 조회",
      "IF_ID": "IF_PMAS001VV_EAI_DUAL_EMP_SELECT"
    },
    {
      "IF_NM": "주민번호",
      "IF_ID": "IF_PMAS001VV_RESNO_EAI_01_SELECT"
    },
    {
      "IF_NM": "글로벌 HR 인사발령이력관리",
      "IF_ID": "IF_PORD001VV_EAI_01_SELECT"
    },
    {
      "IF_NM": "조직별 코스트센터",
      "IF_ID": "IF_PORG004VV_CS_EAI_01_SELECT"
    },
    {
      "IF_NM": "조직도",
      "IF_ID": "IF_PORG004VV_EAI_01_SELECT"
    },
    {
      "IF_NM": "조직마스터",
      "IF_ID": "IF_PORG005VV_EAI_01_SELECT"
    },
    {
      "IF_NM": "I-PIN조회",
      "IF_ID": "IF_PPIN001VV_EAI_01_SELECT"
    },
    {
      "IF_NM": "콘도 실적 수신",
      "IF_ID": "IF_PROC_MALL_CONDO_02_INSERT"
    },
    {
      "IF_NM": "급상여작업관리입력",
      "IF_ID": "IF_PRUN100VV_EAI_01_INSERT"
    },
    {
      "IF_NM": "급상여작업관리",
      "IF_ID": "IF_PRUN100VV_EAI_01_SELECT"
    },
    {
      "IF_NM": "최종 학력 현황",
      "IF_ID": "IF_PSCHOOL001VV_EAI_01_SELECT"
    },
    {
      "IF_NM": "CGV복지포인트입력",
      "IF_ID": "IF_PS_IF_HCAF109TT_PROC_INSERT"
    },
    {
      "IF_NM": "PD 프로그램 이력",
      "IF_ID": "IF_PS_IF_ZAB_C0021_T_91_PROC_INSERT"
    },
    {
      "IF_NM": "엠디원 인트라넷 비정규직 연동",
      "IF_ID": "IF_PS_IF_ZAE_C0570_T_01_PROC_INSERT"
    },
    {
      "IF_NM": "휴가 신청 내역",
      "IF_ID": "IF_PS_IF_ZTA_C0360_T_01_PROC_INSERT"
    },
    {
      "IF_NM": "일 근태 내역",
      "IF_ID": "IF_PS_IF_ZTD_C0660_T_01_PROC_INSERT"
    },
    {
      "IF_NM": "티빙포인트 실적 입력",
      "IF_ID": "IF_PS_ZBB_C0700_T_01_INSERT"
    },
    {
      "IF_NM": "퇴직보안관리 시스템",
      "IF_ID": "IF_PS_ZCG_RETADJ_V_SELECT"
    },
    {
      "IF_NM": "모바일인사카드권한조회",
      "IF_ID": "IF_PS_ZZ_MOBILE_EHR_V_SELECT"
    },
    {
      "IF_NM": "Rokin社 사업장 등급 정보",
      "IF_ID": "IF_ROKIN001VV_ESTAB_EAI_01_SELECT"
    },
    {
      "IF_NM": "Rokin社 업무 상사 정보",
      "IF_ID": "IF_ROKIN001VV_MGR_EAI_01_SELECT"
    },
    {
      "IF_NM": "Rokin社 연차 생성 현황",
      "IF_ID": "IF_ROKIN001VV_ZTA_EAI_01_SELECT"
    },
    {
      "IF_NM": "HR 근무시간(PC-OFF)",
      "IF_ID": "IF_SA001VV_ZTS_EAI_01_SELECT"
    },
    {
      "IF_NM": "공휴일정보",
      "IF_ID": "IF_SA001VV_ZTS_EAI_04_SELECT"
    },
    {
      "IF_NM": "빌링통합청구",
      "IF_ID": "IF_SBIL001VV_EAI_01_SELECT"
    },
    {
      "IF_NM": "빌링통합청구",
      "IF_ID": "IF_SBIL001VV_EAI_02_SELECT"
    },
    {
      "IF_NM": "그룹지표 권한 연동",
      "IF_ID": "IF_TBL_TEMP_GROUPJP_INSERT"
    },
    {
      "IF_NM": "공통코드",
      "IF_ID": "IF_TELE001VV_EAI_01_SELECT"
    },
    {
      "IF_NM": "사용자마스터(텔레닉스전용PMAS)",
      "IF_ID": "IF_TELE003VV_EAI_01_SELECT"
    },
    {
      "IF_NM": "연락처",
      "IF_ID": "IF_TELE004VV_EAI_01_SELECT"
    },
    {
      "IF_NM": "년별 사원별 연자이력",
      "IF_ID": "IF_TELE011VV_EAI_01_SELECT"
    },
    {
      "IF_NM": "소득공제",
      "IF_ID": "IF_TLIS001VV_EAI_01_SELECT"
    },
    {
      "IF_NM": "급여정보",
      "IF_ID": "IF_TLIS002VV_EAI_01_SELECT"
    },
    {
      "IF_NM": "소득공제",
      "IF_ID": "IF_TLOC001VV_EAI_01_SELECT"
    },
    {
      "IF_NM": "퇴직금분개처리",
      "IF_ID": "IF_TREF001VV_EAI_01_SELECT"
    },
    {
      "IF_NM": "퇴직급여충당금",
      "IF_ID": "IF_TSAV001VV_EAI_01_SELECT"
    },
    {
      "IF_NM": "교육이력 연동",
      "IF_ID": "IF_VW_GHR_EDU_USER_HISTORY_SELECT"
    },
    {
      "IF_NM": "강의이력 연동",
      "IF_ID": "IF_VW_GHR_LECTURER_HISTORY_SELECT"
    },
    {
      "IF_NM": "HR 멘토링 이력 연동",
      "IF_ID": "IF_VW_GHR_MENTORING_HISTORY_SELECT"
    },
    {
      "IF_NM": "연말정산",
      "IF_ID": "IF_YINC001VV_EAI_01_SELECT"
    },
    {
      "IF_NM": "정산_연말정산 보험료 가족별 조회 ",
      "IF_ID": "IF_YLIS001VV_EAI_01_SELECT"
    },
    {
      "IF_NM": "정산_연말정산 Detail",
      "IF_ID": "IF_YLIS002VV_EAI_01_SELECT"
    },
    {
      "IF_NM": "정산_연말정산 종전근무지자",
      "IF_ID": "IF_YLOC001VV_EAI_01_SELECT"
    },
    {
      "IF_NM": "운송TD직성과급전송 (Inbound)",
      "IF_ID": "IF_ZCB_C1410_T_01_INSERT"
    },
    {
      "IF_NM": "택배영업사원능률수당 (Inbound)",
      "IF_ID": "IF_ZCB_C1420_T_01_INSERT"
    },
    {
      "IF_NM": "코스트센터 정보 (Inbound)",
      "IF_ID": "IF_ZOB_C0120_T_01_INSERT"
    },
    {
      "IF_NM": "기준정보",
      "IF_ID": "IF_ZPAC001VV_EAI_01_SELECT"
    },
    {
      "IF_NM": "인원계획",
      "IF_ID": "IF_ZPAC002VV_EAI_01_SELECT"
    },
    {
      "IF_NM": "인건비",
      "IF_ID": "IF_ZPAC003VV_EAI_01_SELECT"
    },
    {
      "IF_NM": "조직정보",
      "IF_ID": "IF_ZPAC004VV_EAI_01_SELECT"
    },
    {
      "IF_NM": "돈돈팜 생산성(인건비) 지표",
      "IF_ID": "IF_ZSC_ACCT_INDEX_ITF_DB_INSERT"
    },
    {
      "IF_NM": "인건비 통계 데이터",
      "IF_ID": "IF_ZSC_ACCT_INDEX_ITF_INSERT"
    },
    {
      "IF_NM": "코드데이터 연동",
      "IF_ID": "IF_ZSC_IDX_STRUCT_ITF_SELECT"
    },
    {
      "IF_NM": "운전원 근무시간 (Inbound)",
      "IF_ID": "IF_ZTB_C0900_T_01_INSERT"
    }
  ]
}